{"cameraMode":{"drawMode":0,"name":"Shaded","section":"Shading Mode"},"sceneLighting":true,"audioPlay":false,"sceneViewState":{"showFog":true,"showMaterialUpdate":false,"showSkybox":true,"showFlares":true,"showImageEffects":true,"showParticleSystems":true,"showVisualEffectGraphs":true,"m_FxEnabled":true},"in2DMode":false,"pivot":{"x":12.164341926574707,"y":17.394445419311525,"z":-15.044809341430664},"rotation":{"x":-0.21045511960983277,"y":0.22155727446079255,"z":-0.04903538525104523,"w":-0.9509043097496033},"size":8.772510528564454,"orthographic":false}